INSERT INTO Sucursal VALUES ('1','TodDep','Plaza Del Río, 143, 79º A','956735622','1975-9-4');
INSERT INTO Sucursal VALUES ('2','InfoMund','Plaça Gastélum, 3, 55º 0º','872634563','1977-8-3');
INSERT INTO Sucursal VALUES ('3','SucPar','Avinguda Jurado, 71, 21º A','673253453','1980-3-3');
INSERT INTO Sucursal VALUES ('4','TodCien','Plaza Silvia, 896, 6º A','783546352','1979-12-12');
INSERT INTO Sucursal VALUES ('5','EstudiosOnline','Plaza César, 23, 0º F','927243563','1987-1-1');
INSERT INTO Sucursal VALUES ('6','Capital','Plaza España, 6','935647837','1987-1-7');

INSERT INTO Revista VALUES ('REV-1','Vistac','Semanal','Deportiva','1');
INSERT INTO Revista VALUES ('REV-2','Alumnet','Anual','Online','5');
INSERT INTO Revista VALUES ('REV-3','Bajo La Lupa','Mensual','Científica','4');
INSERT INTO Revista VALUES ('REV-4','Punto De Vista','Mensual','Informativa','2');
INSERT INTO Revista VALUES ('REV-5','Enigmas','Semanal','Desconocido','3');

INSERT INTO Empleado VALUES ('29530596E','REV-1','Angel','Suárez Pérez','Fuengirola, 4','2003-12-16','688437812','Director editorial','ALEMÁN');
INSERT INTO Empleado VALUES ('31001887A','REV-1','Ramón','Ortega Fernández','Praza Portillo, 62, Bajos','2003-12-16','633562134','Editor ejecutivo','ITALIANO');
INSERT INTO Empleado VALUES ('89231059Y','REV-3','Jose','Silva Bendito','Travessera Anna, 176, Bajo 4º','2000-1-14','656374524','Corrector','ESPAÑOL');
INSERT INTO Empleado VALUES ('54405050E','REV-5','Andrés','Jiménez Palomar','Passeig Izan, 250, 8º A','1997-8-8','689767555','Director creativo','AUSTRALIANO');
INSERT INTO Empleado VALUES ('82456851B','REV-2','Raúl','González García','Rúa Alejandra, 9, 5º','1990-5-5','634253422','Corrector','AUSTRALIANO');

INSERT INTO NumRevista VALUES ('444-232','REV-1','120','921');
INSERT INTO NumRevista VALUES ('765-234','REV-3','69','253');
INSERT INTO NumRevista VALUES ('222-222','REV-3','73','999');
INSERT INTO NumRevista VALUES ('736-999','REV-2','118','738');
INSERT INTO NumRevista VALUES ('927-837','REV-1','100','1022');
INSERT INTO NumRevista VALUES ('234-222','REV-3','101','2000');
INSERT INTO NumRevista VALUES ('212-121','REV-1','93','1024');
INSERT INTO NumRevista VALUES ('777-928','REV-4','58','923');
INSERT INTO NumRevista VALUES ('711-293','REV-3','90','800');
INSERT INTO NumRevista VALUES ('627-888','REV-5','82','1200');

INSERT INTO Periodista VALUES ('86534253R','Teresa','Quesada Padilla','Travesía Narváez, 6, 4º E','1991-7-7','609087543','Deportivo');
INSERT INTO Periodista VALUES ('99972654T','Fabiola','Galindo Real','Camino Jesús, 738, 4º C','1995-10-10','635728934','Cultural y sociocultural');
INSERT INTO Periodista VALUES ('28763572P','Fidel','Rubio Pereira','Plaza Sandra, 07, 13º F','1992-11-13','653456789','Investigación');
INSERT INTO Periodista VALUES ('22299963D','Abel','Vivas Huerta','Calle Madrigal, 67, Bajos','1999-1-6','626738546','Cultural y sociocultural');
INSERT INTO Periodista VALUES ('63646532I','Jose Jesus','Lillo Gil','Avinguda Mares, 1, 95º B','2002-2-16','672523489','Virtual');

INSERT INTO Escribe VALUES ('627-888','22299963D','Curiosidades del mundo');
INSERT INTO Escribe VALUES ('927-837','86534253R','Tácticas deportivas');
INSERT INTO Escribe VALUES ('711-293','99972654T','Curioso Mundo');
INSERT INTO Escribe VALUES ('736-999','63646532I','EducArte');
INSERT INTO Escribe VALUES ('777-928','28763572P','El Búho');
INSERT INTO Escribe VALUES ('222-222','99972654T','El Explorador');
INSERT INTO Escribe VALUES ('212-121','86534253R','La Élite del deporte');
INSERT INTO Escribe VALUES ('765-234','99972654T','Oleada Científica');
INSERT INTO Escribe VALUES ('234-222','99972654T','Universo Experto');
INSERT INTO Escribe VALUES ('444-232','86534253R','Enfoques deportivos');
